College_Name,District
"Government College of Engineering, Amravati",Amravati
"Sant Gadge Baba Amravati University,Amravati",Amravati
"Government College of Engineering,Yavatmal",Yavatmal
"Shri Sant Gajanan Maharaj College of Engineering,Shegaon",Buldhana
"Prof. Ram Meghe Institute of Technology & Research, Amravati",Amravati
"P. R. Pote (Patil) Education & Welfare Trust's Group of Institution(Integrated Campus), Amravati",Amravati
"P. R. Pote Patil College of Engineering & Management, Amravati",Amravati
"Sipna Shikshan Prasarak Mandal College of Engineering & Technology, Amravati",Amravati
"Shri Shivaji Education Society's College of Engineering and Technology, Akola",Akola
"Janata Shikshan Prasarak Mandalƒ??s Babasaheb Naik College Of Engineering, Pusad",Yavatmal
"Paramhansa Ramkrishna Maunibaba Shikshan Santha's , Anuradha Engineering College, Chikhali",Buldhana
"Jawaharlal Darda Institute of Engineering and Technology, Yavatmal",Yavatmal
"Shri Hanuman Vyayam Prasarak Mandals College of Engineering & Technology, Amravati",Amravati
"Dr.Rajendra Gode Institute of Technology & Research, Amravati",Amravati
"Dwarka Bahu Uddeshiya Gramin Vikas Foundation, Rajarshi Shahu College of Engineering, Buldhana",Buldhana
"Dwarka Bahu Uddeshiya Gramin Vikas Foundation, Rajarshri Shahu College of Engineering, Buldhana",Buldhana
"Shri. Dadasaheb Gawai Charitable Trust's Dr. Smt. Kamaltai Gawai Institute of Engineering & Technology, Darapur, Amravati",Amravati
"Takshashila Institute of Engineering & Technology, Darapur, Amravati",Amravati
"Jagadambha Bahuuddeshiya Gramin Vikas Sanstha's Jagdambha College of Engineering and Technology, Yavatmal",Yavatmal
"Prof Ram Meghe College of Engineering and Management, Badnera",Amravati
"Vision Buldhana Educational & Welfare Society's Pankaj Laddhad Institute of Technology & Management Studies, Yelgaon",Buldhana
"Sanmati Engineering College, Sawargaon Barde, Washim",Washim
"Padmashri Dr. V.B. Kolte College of Engineering, Malkapur, Buldhana",Buldhana
"Mauli Group of Institutions, College of Engineering and Technology, Shegaon.",Buldhana
"Siddhivinayak Technical Campus, School of Engineering & Research Technology, Shirasgon, Nile",Buldhana
"Manav School of Engineering & Technology, Gut No. 1035 Nagpur Surat Highway, NH No. 6 Tal.Vyala, Balapur, Akola, 444302",Akola
"Government College of Engineering, Aurangabad",Chhatrapati Sambhajinagar
"Government College of Engineering, Chhatrapati Sambhajinagar",Chhatrapati Sambhajinagar
"Shri Guru Gobind Singhji Institute of Engineering and Technology, Nanded",Nanded
"University Department of Chemical Technology, Aurangabad",Chhatrapati Sambhajinagar
"Institute of Chemical Technology, Mumbai Marathwada off campus, Jalna",Jalna
"Everest Education Society, Group of Institutions (Integrated Campus), Ohar",Chhatrapati Sambhajinagar
"Shree Yash Pratishthan, Shreeyash College of Engineering and Technology, Aurangabad",Chhatrapati Sambhajinagar
"G. S. Mandal's Maharashtra Institute of Technology, Aurangabad",Chhatrapati Sambhajinagar
"Deogiri Institute of Engineering and Management Studies, Aurangabad",Chhatrapati Sambhajinagar
"Matoshri Pratishan's Group of Institutions (Integrated Campus), Kupsarwadi , Nanded",Nanded
"Gramodyogik Shikshan Mandal's Marathwada Institute of Technology, Aurangabad",Chhatrapati Sambhajinagar
"Mahatma Gandhi Missions College of Engineering, Hingoli Rd, Nanded.",Nanded
"M.S. Bidve Engineering College, Latur",Latur
"Terna Public Charitable Trust's College of Engineering, Osmanabad",Osmanabad
"Shree Tuljabhavani College of Engineering, Tuljapur",Dharashiv
"Mahatma Basaweshwar Education Society's College of Engineering, Ambejogai",Beed
"Peoples Education Society's College of Engineering, Aurangabad",Chhatrapati Sambhajinagar
"Hi-Tech Institute of Technology, Aurangabad",Chhatrapati Sambhajinagar
"Aditya Engineering College , Beed",Beed
"Nagnathappa Halge Engineering College, Parli, Beed",Beed
"Matsyodari Shikshan Sansatha's College of Engineering and Technology, Jalna",Jalna
"Shri Sai Samajik Vikas Santha's Shri Sai Colllege of Engineering, Paddari Village Tal. & Dist. Aurangabad",Chhatrapati Sambhajinagar
"Adarsh Shikshan Prasarak Mandal's K. T. Patil College of Engineering and Technology, Osmanabad",Osmanabad
"Aurangabad College of Engineering, Naygaon Savangi, Aurangabad",Chhatrapati Sambhajinagar
"Marathwada Shikshan Prasarak Mandal's Shri Shivaji Institute of Engineering and Management Studies, Parbhani",Parbhani
"Vilasrao Deshmukh Foundation Group of Institutions, Latur",Latur
"Aditya Education Trust's Mitthulalji Sarada Polytechnic, Nalwandi Road, Beed",Beed
GRAMIN TECHNICAL AND MANAGEMENT CAMPUS NANDED.,Nanded
International Centre Of Excellence In Engineering and Management (ICEEM),Chhatrapati Sambhajinagar
"STMEI's Sandipani Technical Campus-Faculty of Engineering, Latur.",Latur
"CSMSS Chh. Shahu College of Engineering, Aurangabad",Chhatrapati Sambhajinagar
"Gramin College of Engineering, Vishnupuri, Nanded",Nanded
"Jijau Institute of Engineering Technology and Management, Khandgaon (Bendri), Taluka Naigaon, District Nanded",Nanded
Dr. V.K. Patil College of Engineering & Technology,Osmanabad
Mangaldeep College of Engineering,Chhatrapati Sambhajinagar
"Veermata Jijabai Technological Institute(VJTI), Matunga, Mumbai",Mumbai City
"Sardar Patel College of Engineering, Andheri",Mumbai Suburban
Svkm's Shri Bhagubhai Mafatlal Polytechnic & College of Engineering,Mumbai City
"Dr. Babasaheb Ambedkar Technological University, Lonere",Raigad
"Usha Mittal Institute of Technology SNDT Women's University, Mumbai",Mumbai Suburban
"Institute of Chemical Technology, Matunga, Mumbai",Mumbai City
"Government College of Engineering, Ratnagiri",Ratnagiri
"Loknete Shamrao Peje Government College of Engineering, Ratnagiri",Ratnagiri
"Manjara Charitable Trust's Rajiv Gandhi Institute of Technology, Mumbai",Mumbai Suburban
"Vidyalankar Institute of Technology,Wadala, Mumbai",Mumbai City
"Thakur Shyamnarayan Engineering College, Mumbai",Mumbai Suburban
"Jawahar Education Society's Annasaheb Chudaman Patil College of Engineering,Kharghar, Navi Mumbai",Raigad
"Saraswati Education Society, Yadavrao Tasgaonkar Institute of Engineering & Technology, Karjat",Raigad
"Mahavir Education Trust's Shah & Anchor Kutchhi Engineering College, Mumbai",Mumbai Suburban
"Saraswati Education Society's Saraswati College of Engineering,Kharghar Navi Mumbai",Raigad
"M.G.M.'s College of Engineering and Technology, Kamothe, Navi Mumbai",Raigad
"Thakur College of Engineering and Technology, Kandivali, Mumbai",Mumbai Suburban
"Thadomal Shahani Engineering College, Bandra, Mumbai",Mumbai Suburban
"Anjuman-I-Islam's M.H. Saboo Siddik College of Engineering, Byculla, Mumbai",Mumbai City
"Fr. Conceicao Rodrigues College of Engineering, Bandra,Mumbai",Mumbai Suburban
"Vivekanand Education Society's Institute of Technology, Chembur, Mumbai",Mumbai Suburban
"N.Y.S.S.'s Datta Meghe College of Engineering, Airoli, Navi Mumbai",Thane
"Vasantdada Patil Pratishthan's College Of Engineering and Visual Arts, Sion, Mumbai",Mumbai City
"Bharati Vidyapeeth College of Engineering, Navi Mumbai",Thane
"Terna Engineering College, Nerul, Navi Mumbai",Thane
"Smt. Indira Gandhi College of Engineering, Navi Mumbai",Thane
"Shivajirao S. Jondhale College of Engineering, Dombivali,Mumbai",Thane
"Vidyavardhini's College of Engineering and Technology, Vasai",Palghar
"Lokmanya Tilak College of Engineering, Kopar Khairane, Navi Mumbai",Thane
"Agnel Charities' FR. C. Rodrigues Institute of Technology, Vashi, Navi Mumbai",Thane
"Konkan Gyanpeeth College of Engineering, Karjat",Raigad
"Shri Vile Parle Kelvani Mandal's Dwarkadas J. Sanghvi College of Engineering, Vile Parle,Mumbai",Mumbai Suburban
"Hope Foundation and research center's Finolex Academy of Management and Technology, Ratnagiri",Ratnagiri
"Rizvi Education Society's Rizvi College of Engineering, Bandra,Mumbai",Mumbai Suburban
Rajendra Mane College of Engineering & Technology Ambav Deorukh,Ratnagiri
"Atharva College of Engineering,Malad(West),Mumbai",Mumbai Suburban
"St. Francis Institute of Technology,Borivali, Mumbai",Mumbai Suburban
"S.S.P.M.'s College of Engineering, Kankavli",Sindhudurg
"Mahatma Education Society's Pillai College of Engineering, New Panvel",Raigad
"Don Bosco Institute of Technology, Mumbai",Mumbai Suburban
"K J Somaiya Institute of Engineering and Information Technology, Sion, Mumbai",Mumbai Suburban
K J Somaiya Institute of Technology,Mumbai Suburban
"Excelsior Education Society's K.C. College of Engineering and Management Studies and Research, Kopri, Thane (E)",Thane
"S.I.E.S. Graduate School of Technology, Nerul, Navi Mumbai",Thane
"WATUMULL INSTITUTE OF ELECTRONICS ENGINEERING & COMPUTER TECHNOLOGY, ULHASNAGAR",Thane
"Watumull Institute of Engineering & Technology, Ulhasnagar",Thane
"Xavier Institute Of Engineering C/O Xavier Technical Institute,Mahim,Mumbai",Mumbai City
"Bhartiya Vidya Bhavan's Sardar Patel Institute of Technology , Andheri, Mumbai",Mumbai Suburban
"Gharda Foundation's Gharda Institute of Technology,Khed, Ratnagiri",Ratnagiri
"Vighnaharata Trust's Shivajirao S. Jondhale College of Engineering & Technology, Shahapur, Asangaon, Dist Thane",Thane
"Aldel Education Trust's St. John College of Engineering & Management, Vevoor, Palghar",Palghar
"Koti Vidya Charitable Trust's Smt. Alamuri Ratnamala Institute of Engineering and Technology, Sapgaon, Tal. Shahapur",Thane
Yadavrao Tasgaonkar College of Engineering & Management,Raigad
"Late Shri. Vishnu Waman Thakur Charitable Trust, Viva Institute of Technology, Shirgaon",Palghar
"Vishnu Waman Thakur Charitable Trust's VIVA Institute of Technology, Virar",Palghar
"Haji Jamaluddin Thim Trust's Theem College of Engineering, At. Villege Betegaon, Boisar",Palghar
"Mahatma Education Society's Pillai HOC College of Engineering & Technology, Tal. Khalapur. Dist. Raigad",Raigad
"Leela Education Society, G.V. Acharya Institute of Engineering and Technology, Shelu, Karjat",Raigad
"Vidya Prasarak Mandal's College of Engineering, Thane",Thane
Pravin Rohidas Patil College of Engineering & Technology,Thane
"Shree Shankar Narayan Education Trust,Pravin Patil College of Diploma Engg. & Technology, Bhayinder (E) Western Rly",Thane
"Bharat College of Engineering, Kanhor, Badlapur(W)",Thane
"Dilkap Research Institute Of Engineering and Management Studies, At.Mamdapur, Post- Neral, Tal- Karjat, Mumbai",Raigad
"Shree L.R. Tiwari College of Engineering, Mira Road, Mumbai",Thane
"B.R. Harne College of Engineering & Technology, Karav, Tal-Ambernath.",Thane
"Anjuman-I-Islam's Kalsekar Technical Campus, Panvel",Raigad
"Metropolitan Institute of Technology & Management, Sukhalwad, Sindhudurg.",Sindhudurg
"Vishvatmak Jangli Maharaj Ashram Trust's Vishvatmak Om Gurudev College of Engineering, Mohili-Aghai, Shahpur.",Thane
"Vishwatmak Jangli Maharaj Ashram Trust (Kokamthan), Atma Malik Institute Of Technology & Research",Thane
"G.M.Vedak Institute of Technology, Tala, Raigad.",Raigad
"Universal College of Engineering,Kaman Dist. Palghar",Palghar
"VPM's Maharshi Parshuram College of Engineering, Velneshwar, Ratnagiri.",Ratnagiri
"Ideal Institute of Technology, Wada, Dist.Thane",Thane
"Vishwaniketan's Institute of Management Entrepreneurship and Engineering Technology(i MEET), Khalapur Dist Raigad",Raigad
YASHWANTRAO BHONSALE INSTITUTE OF TECHNOLOGY,Sindhudurg
"New Horizon Institute of Technology & Management, Thane",Thane
"A. P. Shah Institute of Technology, Thane",Thane
"Chhartrapati Shivaji Maharaj Institute of Technology, Shedung, Panvel",Raigad
"Indala College Of Engineering, Bapsai Tal.Kalyan",Thane
Devi Mahalaxmi College of Engineering and Technology,Thane
"Government College of Engineering, Chandrapur",Chandrapur
"Laxminarayan Institute of Technology, Nagpur",Nagpur
"Government College of Engineering, Nagpur",Nagpur
"Kavi Kulguru Institute of Technology & Science, Ramtek",Nagpur
"Shri Ramdeobaba College of Engineering and Management, Nagpur",Nagpur
"Ankush Shikshan Sanstha's G.H.Raisoni College of Engineering, Nagpur",Nagpur
"Bapurao Deshmukh College of Engineering, Sevagram",Wardha
"Lokmanya Tilak Jankalyan Shikshan Sanstha, Priyadarshani College of Engineering, Nagpur",Nagpur
"Sanmarg Shikshan Sanstha's Smt. Radhikatai Pandav College of Engineering, Nagpur",Nagpur
"Guru Nanak Institute of Engineering & Technology,Kalmeshwar, Nagpur",Nagpur
"Amar Seva Mandal's Shree Govindrao Vanjari College of Engineering & Technology, Nagpur",Nagpur
"Lokmanya Tilak Jankalyan Shikshan Sastha, Priyadarshini J. L. College Of Engineering, Nagpur",Nagpur
"Sir Shantilal Badjate Charitable Trust's S. B. Jain Institute of technology, Management & Research, Nagpur",Nagpur
"Jaidev Education Society, J D College of Engineering and Management, Nagpur",Nagpur
"Samridhi Sarwajanik Charitable Trust, Jhulelal Institute of Technology, Nagpur",Nagpur
"Shriram Gram Vikas Shikshan Sanstha, Vilasrao Deshmukh College of Engineering and Technology, Nagpur",Nagpur
"Ankush Shikshan Sanstha's G. H. Raisoni Institute of Engineering & Technology, Nagpur",Nagpur
"G H Raisoni College of Engineering & Management, Nagpur",Nagpur
"Sanmarg Shikshan Sanstha, Mandukarrao Pandav College of Engineering, Bhandara",Bhandara
"Shri. Sai Shikshan Sanstha, Nagpur Institute of Technology, Nagpur",Nagpur
"Wainganga College of Engineering and Management, Dongargaon, Nagpur",Nagpur
"K.D.K. College of Engineering, Nagpur",Nagpur
"Tulsiramji Gaikwad Patil College of Engineering & Technology, Nagpur",Nagpur
"Vidarbha Bahu-Uddeshiya Shikshan Sanstha's Tulshiramji Gaikwad Patil College of Engineering & Technology, Nagpur",Nagpur
Rajiv Gandhi College of Engineering Research & Technology Chandrapur,Chandrapur
"Yeshwantrao Chavan College of Engineering,Wanadongri, Nagpur",Nagpur
"Lokmanya Tilak Jankalyan Shikshan Sanstha's , Priyadarshini Institute of Engineering and Technology, Nagpur",Nagpur
"Anjuman College of Engineering & Technology, Nagpur",Nagpur
"ST. Vincent Pallotti College of Engineering & Technology, Nagpur",Nagpur
"JMSS Shri Shankarprasad Agnihotri College of Engineering, Wardha",Wardha
"Priyadarshini Bhagwati College of Engineering, Harpur Nagar, Umred Road,Nagpur",Nagpur
"Lokmanya Tilak Jankalyan Shiksan Sanstha, Priyadarshini Indira Gandhi College of Engineering, Nagpur",Nagpur
"Swaminarayan Siddhanta Institute Of Technology, Nagpur",Nagpur
"Krushi Jivan Vikas Pratishthan, Ballarpur Institute of Technology, Mouza Bamni",Chandrapur
"M.D. Yergude Memorial Shikshan Prasarak Mandal's Shri Sai College of Engineering & Technology, Badravati",Chandrapur
"M.D. Yergude Memorial Shikshan Prasarak Mandal's Shri Sai College of Engineering & Technology, Bhadrawati",Chandrapur
"Maitraya Education Society, Nagarjuna Institute of Engineering Technology & Management, Nagpur",Nagpur
"K.D.M. Education Society, Vidharbha Institute of Technology,Umred Road ,Nagpur",Nagpur
"Vidharbha Bahu uddeshiya Shikshan Sanstha's Abha Gaikwad ƒ?? Patil College of Engineering, Nagpur",Nagpur
"Gurunanak Educational Society's Gurunanak Institute of Technology, Nagpur",Nagpur
"Jai Mahakali Shikshan Sanstha, Agnihotri College of Engineering, Sindhi(Meghe)",Wardha
"V M Institute of Engineering and Technology, Dongargaon, Nagpur",Nagpur
"Gondia Education Society's Manoharbhai Patel Institute Of Engineering & Technology, Shahapur, Bhandara",Bhandara
"Cummins College of Engineering For Women, Sukhali (Gupchup), Tal. Hingna Hingna Nagpur",Nagpur
"Suryodaya College of Engineering & Technology, Nagpur",Nagpur
"R.V. Parankar College of Engineering & Technology, Arvi, Dist Wardha",Wardha
"Bajaj Institute of Technology, Wardha",Wardha
"Karanjekar College of Engineering & Management, Sakoli",Bhandara
"University Institute of Chemical Technology, North Maharashtra University, Jalgaon",Jalgaon
"Government College of Engineering, Jalgaon",Jalgaon
"Shri Shivaji Vidya Prasarak Sanstha's Late Bapusaheb Shivaji Rao Deore College of Engineering,Dhule",Dhule
"Shramsadhana Bombay Trust, College of Engineering & Technology, Jalgaon",Jalgaon
"Khandesh College Education Society's College Of Engineering And Management, Jalgaon",Jalgaon
"Shri Gulabrao Deokar College of Engineering, Jalgaon",Jalgaon
"Maratha Vidya Prasarak Samaj's Karmaveer Adv. Baburao Ganpatrao Thakare College Of Engineering, Nashik",Nashik
"Sandip Foundation, Sandip Institute of Technology and Research Centre, Mahiravani, Nashik",Nashik
"K. K. Wagh Institute of Engineering Education and Research, Nashik",Nashik
"Jagadamba Education Soc. Nashik's S.N.D. College of Engineering & Reserch, Babulgaon",Nashik
"Pravara Rural Education Society's Sir Visvesvaraya Institute of Technology, Chincholi Dist. Nashik",Nashik
"Brahma Valley College of Engineering & Research, Trimbakeshwar, Nashik",Nashik
"Pravara Rural College of Engineering, Loni, Pravaranagar, Ahmednagar.",Ahmednagar
"MET Bhujbal Knowledge City MET League's Engineering College, Adgaon, Nashik.",Nashik
"G H Raisoni College of Engineering and Management, Jalgaon",Jalgaon
"G H Raisoni Institute of Engineering and Business Management, Jalgaon",Jalgaon
"G. H. Raisoni Institute of Business Management,Jalgaon",Jalgaon
"Sanjivani Rural Education Society's Sanjivani College of Engineering, Kopargaon",Ahmednagar
"Dr. Vithalrao Vikhe Patil College of Engineering, Ahmednagar",Ahmednagar
"Amrutvahini Sheti & Shikshan Vikas Sanstha's Amrutvahini College of Engineering, Sangamner",Ahmednagar
"P.S.G.V.P. Mandal's D.N. Patel College of Engineering, Shahada, Dist. Nandurbar",Nandurbar
"T.M.E. Society's J.T.Mahajan College of Engineering, Faizpur",Jalgaon
"Nagaon Education Society's Gangamai College of Engineering, Nagaon, Tal Dist Dhule",Dhule
"Hindi Seva Mandal's Shri Sant Gadgebaba College of Engineering & Technology, Bhusawal",Jalgaon
"Godavari Foundation's Godavari College Of Engineering, Jalgaon",Jalgaon
"R. C. Patel Institute of Technology, Shirpur",Dhule
"SNJB's Late Sau. Kantabai Bhavarlalji Jain College of Engineering, (Jain Gurukul), Neminagar,Chandwad,(Nashik)",Nashik
"Matoshri College of Engineering and Research Centre, Eklahare, Nashik",Nashik
"Vishwabharati Academy's College of Engineering, Ahmednagar",Ahmednagar
"Gokhale Education Society's, R.H. Sapat College of Engineering, Management Studies and Research, Nashik",Nashik
"Kalyani Charitable Trust, Late Gambhirrao Natuba Sapkal College of Engineering, Anjaneri, Trimbakeshwar Road, Nashik",Nashik
"Amruta Vaishnavi Education & Welfare Trust's Shatabdi Institute of Engineering & Research, Agaskhind Tal. Sinnar",Nashik
"MET's Institute of Technology Polytechnic, Bhujbal Knowledge City, Adgaon Nashik",Nashik
"Matoshri Education Soceity, Matoshri Asarabai Polytechnic,Nashik",Nashik
"Matoshri Education Soceity, Matoshri Institute Of Technology, Dhanore, Nashik",Nashik
"Hon. Shri. Babanrao Pachpute Vichardhara Trust, Group of Institutions (Integrated Campus)-Parikrama, Kashti Shrigondha,",Ahmednagar
"Jamia Institute Of Engineering And Management Studies, Akkalkuwa",Nandurbar
"PUNE VIDYARTHI GRIHAƒ??S COLLEGE OF ENGINEERING & SHRIKRUSHNA S. DHAMANKAR INSTITUTE OF MANAGEMENT, NASHIK",Nashik
"Sandip Foundation's, Sandip Institute of Engineering & Management, Nashik",Nashik
"Vardhaman Education & Welfare Society, Ahinsa Institute of Technology, Post. Dondaicha, Dhule",Dhule
"Kedareshwar Gramin Vikas Pratishthan, Samajbhushan Eknathrao Dhakane College, of Engineering, Shevgaon",Ahmednagar
"Adsul's Technical Campus, Chas Dist. Ahmednagar",Ahmednagar
"Shri. Jaykumar Rawal Institute of Technology, Dondaicha.",Dhule
"Ahmednagar Jilha Maratha Vidya Prasarak Samajache, Shri. Chhatrapati Shivaji Maharaj College of Engineering, Nepti",Ahmednagar
"K.V.N. Naik S. P. Sansth's Loknete Gopinathji Munde Institute of Engineering Education & Research, Nashik.",Nashik
"College of Engineering and Technology ,North Maharashtra Knowledge City, Jalgaon",Jalgaon
"Sanghavi College of Engineering, Varvandi, Nashik.",Nashik
"Jawahar Education Society's Institute of Technology, Management & Research, Nashik.",Nashik
"Vidya Niketan College of Engineering, Bota Sangamner",Ahmednagar
"Rajiv Gandhi College of Engineering, At Post Karjule Hariya Tal.Parner, Dist.Ahmednagar",Ahmednagar
"Maulana Mukhtar Ahmad Nadvi Technical Campus, Malegaon.",Nashik
"Guru Gobind Singh College of Engineering & Research Centre, Nashik.",Nashik
"R.C. Patel College of Engineering and Polytechnic, Shirpur",Dhule
"Shri Vile Parle Kelavani Mandal's Institute of Technology, Dhule",Dhule
"P.G. College of Engineering & Technology, Nandurbar",Nandurbar
"Shri Swami Samarth Institute of Management and Technology, Malwadi-Bota",Ahmednagar
"MKD Institute of Technology, Nadurbar",Nandurbar
"Government College of Engineering & Research, Avasari Khurd",Pune
"Government College of Engineering, Karad",Satara
COEP Technological University,Pune
"College of Engineering, Pune",Pune
"Walchand College of Engineering, Sangli",Sangli
"Department of Technology, Shivaji University, Kolhapur",Kolhapur
"Government College of Engineering, Kolhapur",Kolhapur
"TSSMS's Pd. Vasantdada Patil Institute of Technology, Bavdhan, Pune",Pune
"Genba Sopanrao Moze Trust Parvatibai Genba Moze College of Engineering,Wagholi, Pune",Pune
"Progressive Education Society's Modern College of Engineering, Pune",Pune
"Jaywant Shikshan Prasarak Mandal's,Rajarshi Shahu College of Engineering, Tathawade, Pune",Pune
"Genba Sopanrao Moze College of Engineering, Baner-Balewadi, Pune",Pune
"JSPM'S Jaywantrao Sawant College of Engineering,Pune",Pune
"MIT Academy of Engineering,Alandi, Pune",Pune
"Choudhary Attar Singh Yadav Memorial Trust,Siddhant College of Engineering, Maval",Pune
"Siddhant College of Engineering, A/p Sudumbare, Tal.Maval, Dist-Pune",Pune
"G.H.Raisoni College of Engineering & Management, Wagholi, Pune",Pune
"Marathwada Mitra Mandal's College of Engineering, Karvenagar, Pune",Pune
"JSPM's Imperial College of Engineering and Research, Wagholi, Pune",Pune
"Pimpri Chinchwad Education Trust, Pimpri Chinchwad College of Engineering, Pune",Pune
"G. H.Raisoni Institute of Engineering and Technology, Wagholi, Pune",Pune
"Sinhgad College of Engineering, Vadgaon (BK), Pune",Pune
"Sinhgad Technical Education Society's Smt. Kashibai Navale College of Engineering,Vadgaon,Pune",Pune
"Indira College of Engineering & Management, Pune",Pune
"Sinhgad Technical Education Society, Sinhgad Institute of Technology and Science, Narhe (Ambegaon)",Pune
"Al-Ameen Educational and Medical Foundation, College of Engineering, Koregaon, Bhima",Pune
"K. J.'s Educational Institut Trinity College of Engineering and Research, Pisoli, Haveli",Pune
"Sinhagad Institute of Technology, Lonavala",Pune
Sinhgad Institute of Technology,Pune
"Sinhgad Academy of Engineering, Kondhwa (BK) Kondhwa-Saswad Road, Pune",Pune
"Marathwada Mitra Mandal's Institute of Technology, Lohgaon, Pune",Pune
"Pune District Education Association's College of Engineering, Manjari(Bk), Hadapsar, Pune",Pune
"Pune District Education Association's College of Engineering, Pune",Pune
"Dr. D. Y. Patil Unitech Society's Dr. D. Y. Patil Institute of Technology, Pimpri, Pune",Pune
"Dr. D. Y. Patil Vidya Pratishthan Societyƒ??s Dr. D. Y. Patil Institute of Technology, Pimpri, Pune",Pune
"K. E. Society's Rajarambapu Institute of Technology, Walwa, Sangli",Sangli
"Shri. Balasaheb Mane Shikshan Prasarak Mandal's, Ashokrao Mane Group of Institutions",Kolhapur
"KSGBS's Bharat- Ratna Indira Gandhi College of Engineering, Kegaon, Solapur",Solapur
"Shri Vithal Education and Research Institute's College of Engineering, Pandharpur",Solapur
"Dattajirao Kadam Technical Education Society's Textile & Engineering Institute, Ichalkaranji.",Kolhapur
"Pradnya Niketan Education Society's Nagesh Karajagi Orchid College of Engineering & Technology, Solapur",Solapur
"D.Y. Patil College of Engineering and Technology, Kolhapur",Kolhapur
"Walchand Institute of Technology, Solapur",Solapur
"Kolhapur Institute of Technology's College of Engineering(Autonomous), Kolhapur",Kolhapur
"Tatyasaheb Kore Institute of Engineering and Technology, Warananagar",Kolhapur
"Shetkari Shikshan Mandal's Pad. Vasantraodada Patil Institute of Technology, Budhgaon, Sangli",Sangli
"Rayat Shikshan Sanstha's Karmaveer Bhaurao Patil College of Engineering, Satara",Satara
Pune Institute of Computer Technology,Pune
"Pune Institute of Computer Technology, Dhankavdi, Pune",Pune
"Dr. D. Y. Patil Pratishthan's D.Y.Patil College of Engineering Akurdi, Pune",Pune
"Bansilal Ramnath Agarawal Charitable Trust's Vishwakarma Institute of Technology, Bibwewadi, Pune",Pune
"Pune Vidyarthi Griha's College of Engineering and Technology and G K Pate(Wani) Institute of Management, Pune",Pune
"Shivnagar Vidya Prasarak Mandal's College of Engineering, Malegaon-Baramati",Pune
"MKSSS's Cummins College of Engineering for Women, Karvenagar,Pune",Pune
"Dr. J. J. Magdum Charitable Trust's Dr. J.J. Magdum College of Engineering, Jaysingpur",Kolhapur
"All India Shri Shivaji Memorial Society's College of Engineering, Pune",Pune
"Modern Education Society's College of Engineering, Pune",Pune
"Modern Education Society's Wadia College of Engineering, Pune",Pune
"All India Shri Shivaji Memorial Society's Institute of Information Technology,Pune",Pune
"Annasaheb Dange College of Engineering and Technology, Ashta, Sangli",Sangli
"Vidya Pratishthan's Kamalnayan Bajaj Institute of Engineering & Technology, Baramati Dist.Pune",Pune
"Bharati Vidyapeeth's College of Engineering for Women, Katraj, Dhankawadi, Pune",Pune
"Bharati Vidyapeeth's College of Engineering, Kolhapur",Kolhapur
"B.R.A.C.T's Vishwakarma Institute of Information Technology, Kondhwa (Bk.), Pune",Pune
"Kai Amdar Bramhadevdada Mane Shikshan & Samajik Prathistan's Bramhadevdada Mane Institute of Technology, Solapur",Solapur
"Zeal Education Society's Zeal College of Engineering & Reserch, Narhe, Pune",Pune
"Dr. Ashok Gujar Technical Institute's Dr. Daulatrao Aher College of Engineering, Karad",Satara
"Loknete Hanumantrao Charitable Trust's Adarsh Institute of Technology and Research Centre, Vita,Sangli",Sangli
"Late Narayandas Bhawandas Chhabada Institute of Engineering & Technology, Satara",Satara
"S.D.N.C.R.E.S'S.Late Narayandas Bhawandas Chhabada Institute of Engineering & Technology, Satara",Satara
"Dhole Patil Education Society, Dhole Patil College of Engineering, Wagholi, Tal. Haveli",Pune
"Shanti Education Society, A.G. Patil Institute of Technology, Soregaon, Solapur(North)",Solapur
"Nutan Maharashtra Vidya Prasarak Mandal, Nutan Maharashtra Institute of Engineering &Technology, Talegaon station, Pune",Pune
"Jayawant Shikshan Prasarak Mandal, Bhivarabai Sawant Institute of Technology & Research, Wagholi",Pune
"Jaywant College of Engineering & Polytechnic , Kille Macchindragad Tal. Walva District- Sangali",Sangli
"Holy-Wood Academy's Sanjeevan Engineering and Technology Institute, Panhala",Kolhapur
Sanjeevan Group of Institutions,Kolhapur
"Sharad Institute of Technology College of Engineering, Yadrav(Ichalkaranji)",Kolhapur
"Abhinav Education Society's College of Engineering and Technology (Degree), Wadwadi",Satara
"Shahajirao Patil Vikas Pratishthan, S.B.Patil College of Engineering, Vangali, Tal. Indapur",Pune
"K.J.'s Educational Institute's K.J.College of Engineering & Management Research, Pisoli",Pune
"Vidya Vikas Pratishthan Institute of Engineering and Technology, Solapur",Solapur
"Shree Gajanan Maharaj Shikshan Prasarak Manda'l Sharadchandra Pawar College of Engineering, Dumbarwadi",Pune
"Rajgad Dnyanpeeth's Shri Chhatrapati Shivajiraje College of Engineering, Bhor",Pune
"Rajgad Dnyanpeeth's Technical Campus,Dhangwadi, Bhor",Pune
"Alard Charitable Trust's Alard College of Engineering and Management, Pune",Pune
Karmayogi Institute of Technology,Solapur
"Shri Pandurang Pratishtan, Karmayogi Engineering College, Shelve, Pandharpur",Solapur
"NEW INSTITUTE OF TECHNOLOGY,KOLHAPUR",Kolhapur
"Nutan College of Engineering and Research, Talegaon Dabhade Tal. Maval, Pune",Pune
"Shriram Institute Of Engineering & Technology, (Poly), Paniv",Solapur
"Shree Santkrupa Shikshan Sanstha, Shree Santkrupa Institute Of Engineering & Technology, Karad",Satara
"Swami Vivekananda Shikshan Sanstha, Dr. Bapuji Salunkhe Institute Of Engineering & Technology,Kolhapur",Kolhapur
"Samarth Education Trust's Arvind Gavali College Of Engineering Panwalewadi, Varye,Satara.",Satara
"Jaihind College Of Engineering,Kuran",Pune
ISBM College Of Engineering Pune,Pune
"Universal College of Engineering & Research, Sasewadi",Pune
"Dattakala Group Of Institutions, Swami",Pune
Navsahyadri Education Society's Group of Institutions,Pune
"KJEI's Trinity Academy of Engineering, Yewalewadi, Pune",Pune
Samarth College of Engineering and Management,Pune
"Samarth Group of Institutions, Bangarwadi, Post Belhe Tal. Junnar Dist. Pune",Pune
"N. B. Navale Sinhgad College of Engineering, Kegaon, solapur",Solapur
"S K N Sinhgad College of Engineering, Korti Tal. Pandharpur Dist Solapur",Solapur
"Shri. Ambabai Talim Sanstha's Sanjay Bhokare Group of Institutes, Miraj",Sangli
"TSSM's Bhivarabai Sawant College of Engineering and Research, Narhe, Pune",Pune
"APPASAHEB ALIAS SA.RE.PATIL INSTITUTE OF TECHNOLOGY, Dattanagar Tal-Shirol, Dist Kolhapur",Kolhapur
Ajeenkya DY Patil School of Engineering,Pune
"Ajeenkya DY Patil School of Engineering, Lohegaon, Pune",Pune
"Dr. D. Y. Patil School OF Engineering, Lohegaon, Pune",Pune
"International Institute of Information Technology (I?ýIT), Pune.",Pune
"JSPM Narhe Technical Campus, Pune.",Pune
"Fabtech Technical Campus College of Engineering and Research, Sangola",Solapur
"Yashoda Technical Campus, Wadhe, Satara.",Satara
"Sahyadri Valley College of Engineering & Technology, Rajuri, Pune.",Pune
"Shree Ramchandra College of Engineering, Lonikand,Pune",Pune
"Nanasaheb Mahadik College of Engineering,Walwa, Sangli.",Sangli
Phaltan Education Society's College of Engineering Thakurki Tal- Phaltan Dist-Satara,Satara
"Suman Ramesh Tulsiani Technical Campus: Faculty of Engineering, Kamshet,Pune.",Pune
"P.K. Technical Campus, Pune.",Pune
"Rasiklal M. Dhariwal Sinhgad Technical Institutes Campus, Warje, Pune.",Pune
"SKN Sinhgad Institute of Technology & Science, Kusgaon(BK),Pune.",Pune
"Flora Institute of Technology, Khopi, Near Khed Shivapur Toll Plaza, Pune",Pune
"NBN Sinhgad Technical Institutes Campus, Pune",Pune
"D.Y.Patil Education Society's,D.Y.Patil Technical Campus, Faculty of Engineering & Faculty of Management,Talsande,Kolhapur.",Kolhapur
"Bhagwant Institute of Technology, Barshi",Solapur
"Sahakar Maharshee Shankarrao Mohite Patil Institute of Technology & Research, Akluj",Solapur
"Dr. D. Y. Patil School of Engineering & Technology, Charholi(Bk), Via Lohgaon, Pune",Pune
"Anantrao Pawar College of Engineering & Research, Pune",Pune
"Shri.Someshwar Shikshan Prasarak Mandal, Sharadchandra Pawar College of Engineering & Technology, Someshwar Nagar",Pune
"Bharati Vidyapeeth's College of Engineering,Lavale, Pune",Pune
"Dnyanshree Institute Engineering and Technology, Satara",Satara
"Shivganga Charitable Trust, Sangli Vishveshwarya Technical Campus, Faculty of Diploma Engineering, Patgaon, Miraj",Sangli
"Dr. D.Y.Patil Institute of Engineering, Management & Reseach, Akurdi, Pune",Pune
"Sant Gajanan Maharaj College of Engineering, Gadhinglaj",Kolhapur
"Keystone School of Engineering, Pune",Pune
Sanjay Ghodawat Institute,Kolhapur
"Vidya Prasarini Sabha's College of Engineering & Technology, Lonavala",Pune
"Pimpri Chinchwad Education Trust's Pimpri Chinchwad College Of Engineering And Research, Ravet",Pune
"Dr.D.Y.Patil College Of Engineering & Innovation,Talegaon",Pune
"Dr. D Y Patil Pratishthan's College of Engineering, Kolhapur",Kolhapur
"Dr. A. D. Shinde College Of Engineering, Tal.Gadhinglaj, Kolhapur",Kolhapur
"MAEER's MIT College of Railway Engineering and Research, Jamgaon, Barshi",Solapur
Shree Siddheshwar Women's College Of Engineering Solapur.,Solapur
"Dr. D.Y. Patil Technical Campus, Varale, Talegaon, Pune",Pune
"Laxminarayan Innovation Technological University, Nagpur",Nagpur
"Shri. Anandrao Abitkar College of Engineering, Pal",Kolhapur
"Tatyasaheb Kore Institute of Engineering and Technology, Yelur",Kolhapur
