College_Code,College_Name,Branch_Code,Branch_Name,min,max
1105,"Prof. Ram Meghe Institute of Technology & Research, Amravati",110526710,Computer Science and Engineering (IoT),2024,2024
1107,"P. R. Pote Patil College of Engineering & Management, Amravati",110719110,Civil Engineering,2024,2024
1107,"P. R. Pote Patil College of Engineering & Management, Amravati",110724210,Computer Science and Engineering,2024,2024
1107,"P. R. Pote Patil College of Engineering & Management, Amravati",110729310,Electrical Engineering,2024,2024
1107,"P. R. Pote Patil College of Engineering & Management, Amravati",110737210,Electronics and Telecommunication Engg,2024,2024
1107,"P. R. Pote Patil College of Engineering & Management, Amravati",110761210,Mechanical Engineering,2024,2024
1107,"P. R. Pote Patil College of Engineering & Management, Amravati",110791110,Computer Science and Engineering(Artificial Intelligence and Machine Learning),2024,2024
1107,"P. R. Pote Patil College of Engineering & Management, Amravati",110799510,Artificial Intelligence and Data Science,2024,2024
1114,"Sipna Shikshan Prasarak Mandal College of Engineering & Technology, Amravati",111426310,Artificial Intelligence (AI) and Data Science,2024,2024
1116,"Shri Shivaji Education Society's College of Engineering and Technology, Akola",111624610,Information Technology,2024,2024
1125,"Dwarka Bahu Uddeshiya Gramin Vikas Foundation, Rajarshi Shahu College of Engineering, Buldhana",112526310,Artificial Intelligence (AI) and Data Science,2024,2024
1126,"Takshashila Institute of Engineering & Technology, Darapur, Amravati",112619110,Civil Engineering,2024,2024
1126,"Takshashila Institute of Engineering & Technology, Darapur, Amravati",112624210,Computer Science and Engineering,2024,2024
1126,"Takshashila Institute of Engineering & Technology, Darapur, Amravati",112629310,Electrical Engineering,2024,2024
1126,"Takshashila Institute of Engineering & Technology, Darapur, Amravati",112637210,Electronics and Telecommunication Engg,2024,2024
1126,"Takshashila Institute of Engineering & Technology, Darapur, Amravati",112661210,Mechanical Engineering,2024,2024
1268,"Siddhivinayak Technical Campus, School of Engineering & Research Technology, Shirasgon, Nile",126899510,Artificial Intelligence and Data Science,2024,2024
2008,"Government College of Engineering, Chhatrapati Sambhajinagar",200819110,Civil Engineering,2024,2024
2008,"Government College of Engineering, Chhatrapati Sambhajinagar",200824210,Computer Science and Engineering,2024,2024
2008,"Government College of Engineering, Chhatrapati Sambhajinagar",200824610,Information Technology,2024,2024
2008,"Government College of Engineering, Chhatrapati Sambhajinagar",200829310,Electrical Engineering,2024,2024
2008,"Government College of Engineering, Chhatrapati Sambhajinagar",200837210,Electronics and Telecommunication Engg,2024,2024
2008,"Government College of Engineering, Chhatrapati Sambhajinagar",200861210,Mechanical Engineering,2024,2024
2111,"Everest Education Society, Group of Institutions (Integrated Campus), Ohar",211192110,Artificial Intelligence and Machine Learning,2024,2024
2111,"Everest Education Society, Group of Institutions (Integrated Campus), Ohar",211199510,Artificial Intelligence and Data Science,2024,2024
2113,"G. S. Mandal's Maharashtra Institute of Technology, Aurangabad",211362410,Mechatronics Engineering,2024,2024
2127,"Mahatma Gandhi Missions College of Engineering, Hingoli Rd, Nanded.",212791610,Automation and Robotics,2024,2024
2127,"Mahatma Gandhi Missions College of Engineering, Hingoli Rd, Nanded.",212792110,Artificial Intelligence and Machine Learning,2024,2024
2129,"M.S. Bidve Engineering College, Latur",212929310,Electrical Engineering,2024,2024
2129,"M.S. Bidve Engineering College, Latur",212937210,Electronics and Telecommunication Engg,2024,2024
2129,"M.S. Bidve Engineering College, Latur",212946310,Architectural Assistantship,2024,2024
2129,"M.S. Bidve Engineering College, Latur",212991110,Computer Science and Engineering(Artificial Intelligence and Machine Learning),2024,2024
2146,"Adarsh Shikshan Prasarak Mandal's K. T. Patil College of Engineering and Technology, Osmanabad",214624210,Computer Science and Engineering,2024,2024
2146,"Adarsh Shikshan Prasarak Mandal's K. T. Patil College of Engineering and Technology, Osmanabad",214637210,Electronics and Telecommunication Engg,2024,2024
2254,"Vilasrao Deshmukh Foundation Group of Institutions, Latur",225424610,Information Technology,2024,2024
2508,GRAMIN TECHNICAL AND MANAGEMENT CAMPUS NANDED.,250837210,Electronics and Telecommunication Engg,2024,2024
2522,"STMEI's Sandipani Technical Campus-Faculty of Engineering, Latur.",252299510,Artificial Intelligence and Data Science,2024,2024
2637,"Jijau Institute of Engineering Technology and Management, Khandgaon (Bendri), Taluka Naigaon, District Nanded",263719110,Civil Engineering,2024,2024
2637,"Jijau Institute of Engineering Technology and Management, Khandgaon (Bendri), Taluka Naigaon, District Nanded",263724510,Computer Engineering,2024,2024
2637,"Jijau Institute of Engineering Technology and Management, Khandgaon (Bendri), Taluka Naigaon, District Nanded",263724610,Information Technology,2024,2024
2637,"Jijau Institute of Engineering Technology and Management, Khandgaon (Bendri), Taluka Naigaon, District Nanded",263737210,Electronics and Telecommunication Engg,2024,2024
2637,"Jijau Institute of Engineering Technology and Management, Khandgaon (Bendri), Taluka Naigaon, District Nanded",263799710,Artificial Intelligence,2024,2024
2641,Dr. V.K. Patil College of Engineering & Technology,264119110,Civil Engineering,2024,2024
2641,Dr. V.K. Patil College of Engineering & Technology,264124210,Computer Science and Engineering,2024,2024
2641,Dr. V.K. Patil College of Engineering & Technology,264129310,Electrical Engineering,2024,2024
2641,Dr. V.K. Patil College of Engineering & Technology,264161210,Mechanical Engineering,2024,2024
2641,Dr. V.K. Patil College of Engineering & Technology,264199710,Artificial Intelligence,2024,2024
2666,Mangaldeep College of Engineering,266624210,Computer Science and Engineering,2024,2024
2666,Mangaldeep College of Engineering,266624610,Information Technology,2024,2024
2666,Mangaldeep College of Engineering,266656610,Computer Science,2024,2024
2666,Mangaldeep College of Engineering,266692110,Artificial Intelligence and Machine Learning,2024,2024
3025,Svkm's Shri Bhagubhai Mafatlal Polytechnic & College of Engineering,302524270U,Computer Science and Engineering,2024,2024
3025,Svkm's Shri Bhagubhai Mafatlal Polytechnic & College of Engineering,302524570U,Computer Engineering,2024,2024
3025,Svkm's Shri Bhagubhai Mafatlal Polytechnic & College of Engineering,302524670U,Information Technology,2024,2024
3025,Svkm's Shri Bhagubhai Mafatlal Polytechnic & College of Engineering,302591170U,Computer Science and Engineering(Artificial Intelligence and Machine Learning),2024,2024
3033,"Dr. Babasaheb Ambedkar Technological University, Lonere",303390510,Computer Science and Engineering,2024,2024
3033,"Dr. Babasaheb Ambedkar Technological University, Lonere",303390513K,Computer Science and Engineering,2024,2024
3042,"Loknete Shamrao Peje Government College of Engineering, Ratnagiri",304229310,Electrical Engineering,2024,2024
3042,"Loknete Shamrao Peje Government College of Engineering, Ratnagiri",304250410,Food Technology And Management,2024,2024
3042,"Loknete Shamrao Peje Government College of Engineering, Ratnagiri",304262410,Mechatronics Engineering,2024,2024
3042,"Loknete Shamrao Peje Government College of Engineering, Ratnagiri",304291810,Civil and infrastructure Engineering,2024,2024
3042,"Loknete Shamrao Peje Government College of Engineering, Ratnagiri",304299510,Artificial Intelligence and Data Science,2024,2024
3143,"Thakur Shyamnarayan Engineering College, Mumbai",314324510,Computer Engineering,2024,2024
3143,"Thakur Shyamnarayan Engineering College, Mumbai",314324610,Information Technology,2024,2024
3143,"Thakur Shyamnarayan Engineering College, Mumbai",314361210,Mechanical Engineering,2024,2024
3143,"Thakur Shyamnarayan Engineering College, Mumbai",314384410,Electronics and Computer Engineering,2024,2024
3143,"Thakur Shyamnarayan Engineering College, Mumbai",314391110,Computer Science and Engineering(Artificial Intelligence and Machine Learning),2024,2024
3148,"Mahavir Education Trust's Shah & Anchor Kutchhi Engineering College, Mumbai",314893310,Electronics and Communication (Advanced Communication Technology),2024,2024
3175,"M.G.M.'s College of Engineering and Technology, Kamothe, Navi Mumbai",317591610,Automation and Robotics,2024,2024
3183,"Anjuman-I-Islam's M.H. Saboo Siddik College of Engineering, Byculla, Mumbai",318361610,Mechanical Engineering Automobile,2024,2024
3184,"Fr. Conceicao Rodrigues College of Engineering, Bandra,Mumbai",318424210,Computer Science and Engineering,2024,2024
3188,"Vasantdada Patil Pratishthan's College Of Engineering and Visual Arts, Sion, Mumbai",318862410,Mechatronics Engineering,2024,2024
3188,"Vasantdada Patil Pratishthan's College Of Engineering and Visual Arts, Sion, Mumbai",318890010,Electronics and Computer Science,2024,2024
3188,"Vasantdada Patil Pratishthan's College Of Engineering and Visual Arts, Sion, Mumbai",318891110,Computer Science and Engineering(Artificial Intelligence and Machine Learning),2024,2024
3200,"Hope Foundation and research center's Finolex Academy of Management and Technology, Ratnagiri",320091010,Computer Science and Engineering(Cyber Security),2024,2024
3204,"St. Francis Institute of Technology,Borivali, Mumbai",320490010,Electronics and Computer Science,2024,2024
3204,"St. Francis Institute of Technology,Borivali, Mumbai",320492110,Artificial Intelligence and Machine Learning,2024,2024
3206,"S.S.P.M.'s College of Engineering, Kankavli",320690010,Electronics and Computer Science,2024,2024
3212,"Watumull Institute of Engineering & Technology, Ulhasnagar",321219110,Civil Engineering,2024,2024
3212,"Watumull Institute of Engineering & Technology, Ulhasnagar",321224510,Computer Engineering,2024,2024
3220,Yadavrao Tasgaonkar College of Engineering & Management,322019110,Civil Engineering,2024,2024
3221,"Vishnu Waman Thakur Charitable Trust's VIVA Institute of Technology, Virar",322119110,Civil Engineering,2024,2024
3221,"Vishnu Waman Thakur Charitable Trust's VIVA Institute of Technology, Virar",322124510,Computer Engineering,2024,2024
3221,"Vishnu Waman Thakur Charitable Trust's VIVA Institute of Technology, Virar",322137210,Electronics and Telecommunication Engg,2024,2024
3221,"Vishnu Waman Thakur Charitable Trust's VIVA Institute of Technology, Virar",322161210,Mechanical Engineering,2024,2024
3221,"Vishnu Waman Thakur Charitable Trust's VIVA Institute of Technology, Virar",322191110,Computer Science and Engineering(Artificial Intelligence and Machine Learning),2024,2024
3221,"Vishnu Waman Thakur Charitable Trust's VIVA Institute of Technology, Virar",322192610,Electrical and Computer Engineering,2024,2024
3257,"Vidya Prasarak Mandal's College of Engineering, Thane",325724510,Computer Engineering,2024,2024
3257,"Vidya Prasarak Mandal's College of Engineering, Thane",325724610,Information Technology,2024,2024
3257,"Vidya Prasarak Mandal's College of Engineering, Thane",325729310,Electrical Engineering,2024,2024
3257,"Vidya Prasarak Mandal's College of Engineering, Thane",325737210,Electronics and Telecommunication Engg,2024,2024
3257,"Vidya Prasarak Mandal's College of Engineering, Thane",325791610,Automation and Robotics,2024,2024
3277,Pravin Rohidas Patil College of Engineering & Technology,327724510,Computer Engineering,2024,2024
3277,Pravin Rohidas Patil College of Engineering & Technology,327724610,Information Technology,2024,2024
3277,Pravin Rohidas Patil College of Engineering & Technology,327735610,Electrical Engg[Electronics and Power],2024,2024
3277,Pravin Rohidas Patil College of Engineering & Technology,327761510,Mechanical & Automation Engineering,2024,2024
3277,Pravin Rohidas Patil College of Engineering & Technology,327793410,Civil Engineering and Planning,2024,2024
3277,Pravin Rohidas Patil College of Engineering & Technology,327793510,Electronics and Biomedical Engineering,2024,2024
3351,"Bharat College of Engineering, Kanhor, Badlapur(W)",335156810,Computer Science and Information Technology,2024,2024
3351,"Bharat College of Engineering, Kanhor, Badlapur(W)",335191210,Computer Science and Engineering(Data Science),2024,2024
3353,"Dilkap Research Institute Of Engineering and Management Studies, At.Mamdapur, Post- Neral, Tal- Karjat, Mumbai",335324610,Information Technology,2024,2024
3353,"Dilkap Research Institute Of Engineering and Management Studies, At.Mamdapur, Post- Neral, Tal- Karjat, Mumbai",335392010,Computer Science and Engineering (Internet of Things and Cyber Security Including Block Chain,2024,2024
3436,"B.R. Harne College of Engineering & Technology, Karav, Tal-Ambernath.",343624610,Information Technology,2024,2024
3436,"B.R. Harne College of Engineering & Technology, Karav, Tal-Ambernath.",343690010,Electronics and Computer Science,2024,2024
3439,"Anjuman-I-Islam's Kalsekar Technical Campus, Panvel",343992610,Electrical and Computer Engineering,2024,2024
3445,"Vishwatmak Jangli Maharaj Ashram Trust (Kokamthan), Atma Malik Institute Of Technology & Research",344592010,Computer Science and Engineering (Internet of Things and Cyber Security Including Block Chain,2024,2024
3445,"Vishwatmak Jangli Maharaj Ashram Trust (Kokamthan), Atma Malik Institute Of Technology & Research",344592110,Artificial Intelligence and Machine Learning,2024,2024
3462,"VPM's Maharshi Parshuram College of Engineering, Velneshwar, Ratnagiri.",346224510,Computer Engineering,2024,2024
3462,"VPM's Maharshi Parshuram College of Engineering, Velneshwar, Ratnagiri.",346284410,Electronics and Computer Engineering,2024,2024
3503,"Indala College Of Engineering, Bapsai Tal.Kalyan",350326310,Artificial Intelligence (AI) and Data Science,2024,2024
3546,Devi Mahalaxmi College of Engineering and Technology,354619110,Civil Engineering,2024,2024
3546,Devi Mahalaxmi College of Engineering and Technology,354624510,Computer Engineering,2024,2024
3546,Devi Mahalaxmi College of Engineering and Technology,354629310,Electrical Engineering,2024,2024
3546,Devi Mahalaxmi College of Engineering and Technology,354661210,Mechanical Engineering,2024,2024
3546,Devi Mahalaxmi College of Engineering and Technology,354691110,Computer Science and Engineering(Artificial Intelligence and Machine Learning),2024,2024
4133,"Sanmarg Shikshan Sanstha's Smt. Radhikatai Pandav College of Engineering, Nagpur",413324210,Computer Science and Engineering,2024,2024
4134,"Guru Nanak Institute of Engineering & Technology,Kalmeshwar, Nagpur",413424610,Information Technology,2024,2024
4139,"Samridhi Sarwajanik Charitable Trust, Jhulelal Institute of Technology, Nagpur",413984410,Electronics and Computer Engineering,2024,2024
4142,"G H Raisoni College of Engineering & Management, Nagpur",414219110,Civil Engineering,2024,2024
4142,"G H Raisoni College of Engineering & Management, Nagpur",414224210,Computer Science and Engineering,2024,2024
4142,"G H Raisoni College of Engineering & Management, Nagpur",414224610,Information Technology,2024,2024
4142,"G H Raisoni College of Engineering & Management, Nagpur",414229310,Electrical Engineering,2024,2024
4142,"G H Raisoni College of Engineering & Management, Nagpur",414237210,Electronics and Telecommunication Engg,2024,2024
4142,"G H Raisoni College of Engineering & Management, Nagpur",414261210,Mechanical Engineering,2024,2024
4142,"G H Raisoni College of Engineering & Management, Nagpur",414291010,Computer Science and Engineering(Cyber Security),2024,2024
4142,"G H Raisoni College of Engineering & Management, Nagpur",414291710,Data Science,2024,2024
4142,"G H Raisoni College of Engineering & Management, Nagpur",414299710,Artificial Intelligence,2024,2024
4151,"Tulsiramji Gaikwad Patil College of Engineering & Technology, Nagpur",415100210,Aeronautical Engineering,2024,2024
4151,"Tulsiramji Gaikwad Patil College of Engineering & Technology, Nagpur",415108210,Bio Technology,2024,2024
4151,"Tulsiramji Gaikwad Patil College of Engineering & Technology, Nagpur",415119110,Civil Engineering,2024,2024
4151,"Tulsiramji Gaikwad Patil College of Engineering & Technology, Nagpur",415124210,Computer Science and Engineering,2024,2024
4151,"Tulsiramji Gaikwad Patil College of Engineering & Technology, Nagpur",415124610,Information Technology,2024,2024
4151,"Tulsiramji Gaikwad Patil College of Engineering & Technology, Nagpur",415129310,Electrical Engineering,2024,2024
4151,"Tulsiramji Gaikwad Patil College of Engineering & Technology, Nagpur",415137010,Electronics and Communication Engineering,2024,2024
4151,"Tulsiramji Gaikwad Patil College of Engineering & Technology, Nagpur",415161210,Mechanical Engineering,2024,2024
4151,"Tulsiramji Gaikwad Patil College of Engineering & Technology, Nagpur",415191210,Computer Science and Engineering(Data Science),2024,2024
4151,"Tulsiramji Gaikwad Patil College of Engineering & Technology, Nagpur",415192110,Artificial Intelligence and Machine Learning,2024,2024
4193,"K.D.M. Education Society, Vidharbha Institute of Technology,Umred Road ,Nagpur",419391110,Computer Science and Engineering(Artificial Intelligence and Machine Learning),2024,2024
4193,"K.D.M. Education Society, Vidharbha Institute of Technology,Umred Road ,Nagpur",419391210,Computer Science and Engineering(Data Science),2024,2024
4196,"Gurunanak Educational Society's Gurunanak Institute of Technology, Nagpur",419691010,Computer Science and Engineering(Cyber Security),2024,2024
4613,"Suryodaya College of Engineering & Technology, Nagpur",461326510,Industrial IoT,2024,2024
4679,"Karanjekar College of Engineering & Management, Sakoli",467919110,Civil Engineering,2024,2024
4679,"Karanjekar College of Engineering & Management, Sakoli",467924210,Computer Science and Engineering,2024,2024
4679,"Karanjekar College of Engineering & Management, Sakoli",467929310,Electrical Engineering,2024,2024
4679,"Karanjekar College of Engineering & Management, Sakoli",467993610,Fire Engineering,2024,2024
4679,"Karanjekar College of Engineering & Management, Sakoli",467999710,Artificial Intelligence,2024,2024
5103,"Shri Shivaji Vidya Prasarak Sanstha's Late Bapusaheb Shivaji Rao Deore College of Engineering,Dhule",510384410,Electronics and Computer Engineering,2024,2024
5108,"Maratha Vidya Prasarak Samaj's Karmaveer Adv. Baburao Ganpatrao Thakare College Of Engineering, Nashik",510829310,Electrical Engineering,2024,2024
5109,"Sandip Foundation, Sandip Institute of Technology and Research Centre, Mahiravani, Nashik",510956610,Computer Science,2024,2024
5109,"Sandip Foundation, Sandip Institute of Technology and Research Centre, Mahiravani, Nashik",510992110,Artificial Intelligence and Machine Learning,2024,2024
5139,"Pravara Rural College of Engineering, Loni, Pravaranagar, Ahmednagar.",513999510,Artificial Intelligence and Data Science,2024,2024
5152,"G H Raisoni College of Engineering and Management, Jalgaon",515219110,Civil Engineering,2024,2024
5152,"G H Raisoni College of Engineering and Management, Jalgaon",515224210,Computer Science and Engineering,2024,2024
5152,"G H Raisoni College of Engineering and Management, Jalgaon",515224610,Information Technology,2024,2024
5152,"G H Raisoni College of Engineering and Management, Jalgaon",515229310,Electrical Engineering,2024,2024
5152,"G H Raisoni College of Engineering and Management, Jalgaon",515237210,Electronics and Telecommunication Engg,2024,2024
5152,"G H Raisoni College of Engineering and Management, Jalgaon",515261210,Mechanical Engineering,2024,2024
5152,"G H Raisoni College of Engineering and Management, Jalgaon",515291110,Computer Science and Engineering(Artificial Intelligence and Machine Learning),2024,2024
5152,"G H Raisoni College of Engineering and Management, Jalgaon",515291210,Computer Science and Engineering(Data Science),2024,2024
5152,"G H Raisoni College of Engineering and Management, Jalgaon",515291310,Computer Science and Engineering (Artificial Intelligence),2024,2024
5161,"Dr. Vithalrao Vikhe Patil College of Engineering, Ahmednagar",516199510,Artificial Intelligence and Data Science,2024,2024
5162,"Amrutvahini Sheti & Shikshan Vikas Sanstha's Amrutvahini College of Engineering, Sangamner",516299510,Artificial Intelligence and Data Science,2024,2024
5172,"R. C. Patel Institute of Technology, Shirpur",517224610,Information Technology,2024,2024
5172,"R. C. Patel Institute of Technology, Shirpur",517299510,Artificial Intelligence and Data Science,2024,2024
5181,"Gokhale Education Society's, R.H. Sapat College of Engineering, Management Studies and Research, Nashik",518199510,Artificial Intelligence and Data Science,2024,2024
5256,"Matoshri Education Soceity, Matoshri Asarabai Polytechnic,Nashik",525624510,Computer Engineering,2024,2024
5256,"Matoshri Education Soceity, Matoshri Asarabai Polytechnic,Nashik",525624610,Information Technology,2024,2024
5263,"Matoshri Education Soceity, Matoshri Institute Of Technology, Dhanore, Nashik",526324510,Computer Engineering,2024,2024
5263,"Matoshri Education Soceity, Matoshri Institute Of Technology, Dhanore, Nashik",526329310,Electrical Engineering,2024,2024
5263,"Matoshri Education Soceity, Matoshri Institute Of Technology, Dhanore, Nashik",526337210,Electronics and Telecommunication Engg,2024,2024
5370,"Kedareshwar Gramin Vikas Pratishthan, Samajbhushan Eknathrao Dhakane College, of Engineering, Shevgaon",537019110,Civil Engineering,2024,2024
5370,"Kedareshwar Gramin Vikas Pratishthan, Samajbhushan Eknathrao Dhakane College, of Engineering, Shevgaon",537024510,Computer Engineering,2024,2024
5370,"Kedareshwar Gramin Vikas Pratishthan, Samajbhushan Eknathrao Dhakane College, of Engineering, Shevgaon",537029310,Electrical Engineering,2024,2024
5370,"Kedareshwar Gramin Vikas Pratishthan, Samajbhushan Eknathrao Dhakane College, of Engineering, Shevgaon",537061210,Mechanical Engineering,2024,2024
5370,"Kedareshwar Gramin Vikas Pratishthan, Samajbhushan Eknathrao Dhakane College, of Engineering, Shevgaon",537099510,Artificial Intelligence and Data Science,2024,2024
5380,"Adsul's Technical Campus, Chas Dist. Ahmednagar",538024610,Information Technology,2024,2024
5380,"Adsul's Technical Campus, Chas Dist. Ahmednagar",538099510,Artificial Intelligence and Data Science,2024,2024
5381,"Shri. Jaykumar Rawal Institute of Technology, Dondaicha.",538199510,Artificial Intelligence and Data Science,2024,2024
5390,"K.V.N. Naik S. P. Sansth's Loknete Gopinathji Munde Institute of Engineering Education & Research, Nashik.",539024610,Information Technology,2024,2024
5399,"Sanghavi College of Engineering, Varvandi, Nashik.",539924610,Information Technology,2024,2024
5399,"Sanghavi College of Engineering, Varvandi, Nashik.",539992110,Artificial Intelligence and Machine Learning,2024,2024
5401,"Jawahar Education Society's Institute of Technology, Management & Research, Nashik.",540184410,Electronics and Computer Engineering,2024,2024
5433,"R.C. Patel College of Engineering and Polytechnic, Shirpur",543324510,Computer Engineering,2024,2024
5433,"R.C. Patel College of Engineering and Polytechnic, Shirpur",543324610,Information Technology,2024,2024
5433,"R.C. Patel College of Engineering and Polytechnic, Shirpur",543384410,Electronics and Computer Engineering,2024,2024
5433,"R.C. Patel College of Engineering and Polytechnic, Shirpur",543392110,Artificial Intelligence and Machine Learning,2024,2024
5449,"Shri Vile Parle Kelavani Mandal's Institute of Technology, Dhule",544991710,Data Science,2024,2024
5449,"Shri Vile Parle Kelavani Mandal's Institute of Technology, Dhule",544992110,Artificial Intelligence and Machine Learning,2024,2024
5509,"Shri Swami Samarth Institute of Management and Technology, Malwadi-Bota",550924510,Computer Engineering,2024,2024
5509,"Shri Swami Samarth Institute of Management and Technology, Malwadi-Bota",550924610,Information Technology,2024,2024
5509,"Shri Swami Samarth Institute of Management and Technology, Malwadi-Bota",550937210,Electronics and Telecommunication Engg,2024,2024
5509,"Shri Swami Samarth Institute of Management and Technology, Malwadi-Bota",550999510,Artificial Intelligence and Data Science,2024,2024
5513,"MKD Institute of Technology, Nadurbar",551319110,Civil Engineering,2024,2024
5513,"MKD Institute of Technology, Nadurbar",551324510,Computer Engineering,2024,2024
5513,"MKD Institute of Technology, Nadurbar",551337210,Electronics and Telecommunication Engg,2024,2024
6007,"Walchand College of Engineering, Sangli",600721970U,Robotics and Automation,2024,2024
6007,"Walchand College of Engineering, Sangli",600724270U,Computer Science and Engineering,2024,2024
6007,"Walchand College of Engineering, Sangli",600724670U,Information Technology,2024,2024
6007,"Walchand College of Engineering, Sangli",600792170U,Artificial Intelligence and Machine Learning,2024,2024
6146,"MIT Academy of Engineering,Alandi, Pune",614691110,Computer Science and Engineering(Artificial Intelligence and Machine Learning),2024,2024
6146,"MIT Academy of Engineering,Alandi, Pune",614691210,Computer Science and Engineering(Data Science),2024,2024
6149,"Siddhant College of Engineering, A/p Sudumbare, Tal.Maval, Dist-Pune",614925310,Internet of Things (IoT),2024,2024
6149,"Siddhant College of Engineering, A/p Sudumbare, Tal.Maval, Dist-Pune",614984410,Electronics and Computer Engineering,2024,2024
6149,"Siddhant College of Engineering, A/p Sudumbare, Tal.Maval, Dist-Pune",614992110,Artificial Intelligence and Machine Learning,2024,2024
6149,"Siddhant College of Engineering, A/p Sudumbare, Tal.Maval, Dist-Pune",614999510,Artificial Intelligence and Data Science,2024,2024
6179,"Indira College of Engineering & Management, Pune",617924610,Information Technology,2024,2024
6203,"Marathwada Mitra Mandal's Institute of Technology, Lohgaon, Pune",620326610,Robotics and Artificial Intelligence,2024,2024
6206,"Pune District Education Association's College of Engineering, Manjari(Bk), Hadapsar, Pune",620624510,Computer Engineering,2024,2024
6206,"Pune District Education Association's College of Engineering, Manjari(Bk), Hadapsar, Pune",620624610,Information Technology,2024,2024
6206,"Pune District Education Association's College of Engineering, Manjari(Bk), Hadapsar, Pune",620637210,Electronics and Telecommunication Engg,2024,2024
6206,"Pune District Education Association's College of Engineering, Manjari(Bk), Hadapsar, Pune",620661210,Mechanical Engineering,2024,2024
6206,"Pune District Education Association's College of Engineering, Manjari(Bk), Hadapsar, Pune",620699510,Artificial Intelligence and Data Science,2024,2024
6214,"K. E. Society's Rajarambapu Institute of Technology, Walwa, Sangli",621421910,Robotics and Automation,2024,2024
6217,"Shri. Balasaheb Mane Shikshan Prasarak Mandal's, Ashokrao Mane Group of Institutions",621784410,Electronics and Computer Engineering,2024,2024
6222,"Dattajirao Kadam Technical Education Society's Textile & Engineering Institute, Ichalkaranji.",622246510,Technical Textiles,2024,2024
6268,"Tatyasaheb Kore Institute of Engineering and Technology, Warananagar",626826210,Computer Science and Business Systems,2024,2024
6270,"Rayat Shikshan Sanstha's Karmaveer Bhaurao Patil College of Engineering, Satara",627099510,Artificial Intelligence and Data Science,2024,2024
6271,Pune Institute of Computer Technology,627124510,Computer Engineering,2024,2024
6271,Pune Institute of Computer Technology,627124610,Information Technology,2024,2024
6271,Pune Institute of Computer Technology,627126310,Artificial Intelligence (AI) and Data Science,2024,2024
6271,Pune Institute of Computer Technology,627137210,Electronics and Telecommunication Engg,2024,2024
6271,Pune Institute of Computer Technology,627184410,Electronics and Computer Engineering,2024,2024
6273,"Bansilal Ramnath Agarawal Charitable Trust's Vishwakarma Institute of Technology, Bibwewadi, Pune",627319110,Civil Engineering,2024,2024
6273,"Bansilal Ramnath Agarawal Charitable Trust's Vishwakarma Institute of Technology, Bibwewadi, Pune",627391210,Computer Science and Engineering(Data Science),2024,2024
6273,"Bansilal Ramnath Agarawal Charitable Trust's Vishwakarma Institute of Technology, Bibwewadi, Pune",627392010,Computer Science and Engineering (Internet of Things and Cyber Security Including Block Chain,2024,2024
6273,"Bansilal Ramnath Agarawal Charitable Trust's Vishwakarma Institute of Technology, Bibwewadi, Pune",627392710,Computer Engineering (Software Engineering),2024,2024
6274,"Pune Vidyarthi Griha's College of Engineering and Technology and G K Pate(Wani) Institute of Management, Pune",627484110,Printing and Packing Technology,2024,2024
6275,"Shivnagar Vidya Prasarak Mandal's College of Engineering, Malegaon-Baramati",627562410,Mechatronics Engineering,2024,2024
6278,"All India Shri Shivaji Memorial Society's College of Engineering, Pune",627892110,Artificial Intelligence and Machine Learning,2024,2024
6281,"Modern Education Society's Wadia College of Engineering, Pune",628124510,Computer Engineering,2024,2024
6281,"Modern Education Society's Wadia College of Engineering, Pune",628137210,Electronics and Telecommunication Engg,2024,2024
6281,"Modern Education Society's Wadia College of Engineering, Pune",628161210,Mechanical Engineering,2024,2024
6281,"Modern Education Society's Wadia College of Engineering, Pune",628191610,Automation and Robotics,2024,2024
6303,"Dr. Ashok Gujar Technical Institute's Dr. Daulatrao Aher College of Engineering, Karad",630399510,Artificial Intelligence and Data Science,2024,2024
6304,"Loknete Hanumantrao Charitable Trust's Adarsh Institute of Technology and Research Centre, Vita,Sangli",630429310,Electrical Engineering,2024,2024
6305,"Late Narayandas Bhawandas Chhabada Institute of Engineering & Technology, Satara",630519110,Civil Engineering,2024,2024
6305,"Late Narayandas Bhawandas Chhabada Institute of Engineering & Technology, Satara",630561210,Mechanical Engineering,2024,2024
6310,"Nutan Maharashtra Vidya Prasarak Mandal, Nutan Maharashtra Institute of Engineering &Technology, Talegaon station, Pune",631024210,Computer Science and Engineering,2024,2024
6310,"Nutan Maharashtra Vidya Prasarak Mandal, Nutan Maharashtra Institute of Engineering &Technology, Talegaon station, Pune",631091310,Computer Science and Engineering (Artificial Intelligence),2024,2024
6310,"Nutan Maharashtra Vidya Prasarak Mandal, Nutan Maharashtra Institute of Engineering &Technology, Talegaon station, Pune",631099510,Artificial Intelligence and Data Science,2024,2024
6315,Sanjeevan Group of Institutions,631519110,Civil Engineering,2024,2024
6315,Sanjeevan Group of Institutions,631524210,Computer Science and Engineering,2024,2024
6315,Sanjeevan Group of Institutions,631529310,Electrical Engineering,2024,2024
6315,Sanjeevan Group of Institutions,631561210,Mechanical Engineering,2024,2024
6315,Sanjeevan Group of Institutions,631584410,Electronics and Computer Engineering,2024,2024
6315,Sanjeevan Group of Institutions,631592110,Artificial Intelligence and Machine Learning,2024,2024
6318,"Abhinav Education Society's College of Engineering and Technology (Degree), Wadwadi",631826310,Artificial Intelligence (AI) and Data Science,2024,2024
6318,"Abhinav Education Society's College of Engineering and Technology (Degree), Wadwadi",631884410,Electronics and Computer Engineering,2024,2024
6319,"Shahajirao Patil Vikas Pratishthan, S.B.Patil College of Engineering, Vangali, Tal. Indapur",631924610,Information Technology,2024,2024
6322,"Shree Gajanan Maharaj Shikshan Prasarak Manda'l Sharadchandra Pawar College of Engineering, Dumbarwadi",632292110,Artificial Intelligence and Machine Learning,2024,2024
6324,"Rajgad Dnyanpeeth's Shri Chhatrapati Shivajiraje College of Engineering, Bhor",632419110,Civil Engineering,2024,2024
6324,"Rajgad Dnyanpeeth's Shri Chhatrapati Shivajiraje College of Engineering, Bhor",632424510,Computer Engineering,2024,2024
6324,"Rajgad Dnyanpeeth's Shri Chhatrapati Shivajiraje College of Engineering, Bhor",632426310,Artificial Intelligence (AI) and Data Science,2024,2024
6324,"Rajgad Dnyanpeeth's Shri Chhatrapati Shivajiraje College of Engineering, Bhor",632437210,Electronics and Telecommunication Engg,2024,2024
6324,"Rajgad Dnyanpeeth's Shri Chhatrapati Shivajiraje College of Engineering, Bhor",632461210,Mechanical Engineering,2024,2024
6402,"NEW INSTITUTE OF TECHNOLOGY,KOLHAPUR",640224210,Computer Science and Engineering,2024,2024
6402,"NEW INSTITUTE OF TECHNOLOGY,KOLHAPUR",640225910,Mechanical and Mechatronics Engineering (Additive Manufacturing),2024,2024
6402,"NEW INSTITUTE OF TECHNOLOGY,KOLHAPUR",640257310,"Electrical, Electronics and Power",2024,2024
6402,"NEW INSTITUTE OF TECHNOLOGY,KOLHAPUR",640291110,Computer Science and Engineering(Artificial Intelligence and Machine Learning),2024,2024
6444,"Shriram Institute Of Engineering & Technology, (Poly), Paniv",644419110,Civil Engineering,2024,2024
6444,"Shriram Institute Of Engineering & Technology, (Poly), Paniv",644424510,Computer Engineering,2024,2024
6444,"Shriram Institute Of Engineering & Technology, (Poly), Paniv",644461210,Mechanical Engineering,2024,2024
6468,"Swami Vivekananda Shikshan Sanstha, Dr. Bapuji Salunkhe Institute Of Engineering & Technology,Kolhapur",646884410,Electronics and Computer Engineering,2024,2024
6468,"Swami Vivekananda Shikshan Sanstha, Dr. Bapuji Salunkhe Institute Of Engineering & Technology,Kolhapur",646891110,Computer Science and Engineering(Artificial Intelligence and Machine Learning),2024,2024
6622,ISBM College Of Engineering Pune,662237810,Electronics Engineering ( VLSI Design and Technology),2024,2024
6622,ISBM College Of Engineering Pune,662256610,Computer Science,2024,2024
6635,Samarth College of Engineering and Management,663519110,Civil Engineering,2024,2024
6635,Samarth College of Engineering and Management,663524510,Computer Engineering,2024,2024
6635,Samarth College of Engineering and Management,663529310,Electrical Engineering,2024,2024
6635,Samarth College of Engineering and Management,663537210,Electronics and Telecommunication Engg,2024,2024
6635,Samarth College of Engineering and Management,663561210,Mechanical Engineering,2024,2024
6635,Samarth College of Engineering and Management,663591210,Computer Science and Engineering(Data Science),2024,2024
6635,Samarth College of Engineering and Management,663592110,Artificial Intelligence and Machine Learning,2024,2024
6714,"APPASAHEB ALIAS SA.RE.PATIL INSTITUTE OF TECHNOLOGY, Dattanagar Tal-Shirol, Dist Kolhapur",671424210,Computer Science and Engineering,2024,2024
6714,"APPASAHEB ALIAS SA.RE.PATIL INSTITUTE OF TECHNOLOGY, Dattanagar Tal-Shirol, Dist Kolhapur",671429310,Electrical Engineering,2024,2024
6714,"APPASAHEB ALIAS SA.RE.PATIL INSTITUTE OF TECHNOLOGY, Dattanagar Tal-Shirol, Dist Kolhapur",671437210,Electronics and Telecommunication Engg,2024,2024
6714,"APPASAHEB ALIAS SA.RE.PATIL INSTITUTE OF TECHNOLOGY, Dattanagar Tal-Shirol, Dist Kolhapur",671461210,Mechanical Engineering,2024,2024
6756,"Fabtech Technical Campus College of Engineering and Research, Sangola",675699510,Artificial Intelligence and Data Science,2024,2024
6757,"Yashoda Technical Campus, Wadhe, Satara.",675726010,Computer Science and Engineering (Cyber Security),2024,2024
6757,"Yashoda Technical Campus, Wadhe, Satara.",675726310,Artificial Intelligence (AI) and Data Science,2024,2024
6757,"Yashoda Technical Campus, Wadhe, Satara.",675726610,Robotics and Artificial Intelligence,2024,2024
6757,"Yashoda Technical Campus, Wadhe, Satara.",675762410,Mechatronics Engineering,2024,2024
6771,"Flora Institute of Technology, Khopi, Near Khed Shivapur Toll Plaza, Pune",677119110,Civil Engineering,2024,2024
6771,"Flora Institute of Technology, Khopi, Near Khed Shivapur Toll Plaza, Pune",677124510,Computer Engineering,2024,2024
6771,"Flora Institute of Technology, Khopi, Near Khed Shivapur Toll Plaza, Pune",677161210,Mechanical Engineering,2024,2024
6782,"Sahakar Maharshee Shankarrao Mohite Patil Institute of Technology & Research, Akluj",678299510,Artificial Intelligence and Data Science,2024,2024
6797,"Dnyanshree Institute Engineering and Technology, Satara",679725910,Mechanical and Mechatronics Engineering (Additive Manufacturing),2024,2024
6878,"Dr. A. D. Shinde College Of Engineering, Tal.Gadhinglaj, Kolhapur",687819190L,Civil Engineering,2024,2024
6878,"Dr. A. D. Shinde College Of Engineering, Tal.Gadhinglaj, Kolhapur",687825910,Mechanical and Mechatronics Engineering (Additive Manufacturing),2024,2024
6878,"Dr. A. D. Shinde College Of Engineering, Tal.Gadhinglaj, Kolhapur",687891110,Computer Science and Engineering(Artificial Intelligence and Machine Learning),2024,2024
6878,"Dr. A. D. Shinde College Of Engineering, Tal.Gadhinglaj, Kolhapur",687892610,Electrical and Computer Engineering,2024,2024
6901,"MAEER's MIT College of Railway Engineering and Research, Jamgaon, Barshi",690184410,Electronics and Computer Engineering,2024,2024
6991,"Dr. D.Y. Patil Technical Campus, Varale, Talegaon, Pune",699184410,Electronics and Computer Engineering,2024,2024
6991,"Dr. D.Y. Patil Technical Campus, Varale, Talegaon, Pune",699199510,Artificial Intelligence and Data Science,2024,2024
14005,"Laxminarayan Innovation Technological University, Nagpur",1400550110,Plastic and Polymer Engineering,2024,2024
14005,"Laxminarayan Innovation Technological University, Nagpur",1400550310,Food Technology,2024,2024
14005,"Laxminarayan Innovation Technological University, Nagpur",1400550710,Chemical Engineering,2024,2024
14005,"Laxminarayan Innovation Technological University, Nagpur",1400552410,Paper and Pulp Technology,2024,2024
14005,"Laxminarayan Innovation Technological University, Nagpur",1400552710,Petro Chemical Engineering,2024,2024
14005,"Laxminarayan Innovation Technological University, Nagpur",1400552910,Oil Technology,2024,2024
14005,"Laxminarayan Innovation Technological University, Nagpur",1400572910,Surface Coating Technology,2024,2024
16006,COEP Technological University,1600619110,Civil Engineering,2024,2024
16006,COEP Technological University,1600624210,Computer Science and Engineering,2024,2024
16006,COEP Technological University,1600626610,Robotics and Artificial Intelligence,2024,2024
16006,COEP Technological University,1600629310,Electrical Engineering,2024,2024
16006,COEP Technological University,1600637210,Electronics and Telecommunication Engg,2024,2024
16006,COEP Technological University,1600646410,Instrumentation and Control Engineering,2024,2024
16006,COEP Technological University,1600661210,Mechanical Engineering,2024,2024
16006,COEP Technological University,1600662710,Manufacturing Science and Engineering,2024,2024
16006,COEP Technological University,1600669410,Metallurgy and Material Technology,2024,2024
16121,"Shri. Anandrao Abitkar College of Engineering, Pal",1612119110,Civil Engineering,2024,2024
16121,"Shri. Anandrao Abitkar College of Engineering, Pal",1612124510,Computer Engineering,2024,2024
16121,"Shri. Anandrao Abitkar College of Engineering, Pal",1612126310,Artificial Intelligence (AI) and Data Science,2024,2024
16121,"Shri. Anandrao Abitkar College of Engineering, Pal",1612129310,Electrical Engineering,2024,2024
16121,"Shri. Anandrao Abitkar College of Engineering, Pal",1612161210,Mechanical Engineering,2024,2024
16126,"Tatyasaheb Kore Institute of Engineering and Technology, Yelur",1612624210,Computer Science and Engineering,2024,2024
16126,"Tatyasaheb Kore Institute of Engineering and Technology, Yelur",1612625210,Cyber Security,2024,2024
16126,"Tatyasaheb Kore Institute of Engineering and Technology, Yelur",1612626210,Computer Science and Business Systems,2024,2024
16126,"Tatyasaheb Kore Institute of Engineering and Technology, Yelur",1612629310,Electrical Engineering,2024,2024
